cpf,nome,data_nascimento,score_credito,limite_credito,conta
12345678900,João Silva,15/03/1985,824,50000.00,0001
98765432100,Maria Santos,22/07/1990,580,2500.00,0002
11122233344,Carlos Oliveira,08/11/1978,900,25000.00,0003
44455566677,Ana Costa,10/05/1992,620,5000.00,0004
55566677788,Pedro Almeida,30/01/1980,910,75000.00,0005
66677788899,Lucia Ferreira,18/09/1995,740,12000.00,0006
77788899900,Marcos Rocha,05/12/1988,500,1000.00,0007
88899900011,Juliana Lima,25/04/1991,880,45000.00,0008
99900011122,Roberto Mendes,12/08/1975,450,500.00,0009
00011122233,Camila Pereira,03/03/1998,710,8000.00,0010
