cpf_cliente,data_hora_solicitacao,limite_atual,novo_limite_solicitado,status_pedido
12345678900,2026-09-27T14:07:43.068118+00:00,50000.00,1000000.00,rejeitado
12345678900,2026-09-27T14:09:02.050963+00:00,50000.00,52000.00,rejeitado
12345678900,2026-09-27T14:36:02.285399+00:00,50000.00,800000.00,rejeitado
12345678900,2026-09-27T14:37:13.025140+00:00,50000.00,800000.00,rejeitado
12345678900,2026-09-27T15:00:03.450621+00:00,50000.00,2000000.00,rejeitado
12345678900,2026-09-27T15:01:17.233920+00:00,50000.00,2000000.00,rejeitado
12345678900,2026-09-27T15:09:39.796348+00:00,50000.00,60000.00,rejeitado
12345678900,2026-09-27T15:57:38.742455+00:00,50000.00,50000.00,rejeitado
12345678900,2026-09-27T15:57:48.195841+00:00,50000.00,60000.00,rejeitado
12345678900,2026-09-27T17:50:09.387351+00:00,50000.00,2000000.00,rejeitado
12345678900,2026-09-27T17:51:41.498999+00:00,50000.00,10000.00,rejeitado
